{"mean_runtimes": [1.110507550239563, 0.9165349864959716, 0.9206847620010375, 0.9173908138275146, 0.9132641410827637, 0.9246758365631104], "std_errors": [0.010985339282431431, 0.002347249044488364, 0.002340210788400386, 0.002113305764988346, 0.0023369799273923993, 0.002809653924916536], "feasibility_frequencies": [1.0, 1.0, 1.0, 1.0, 1.0, 1.0], "num_values": [1, 2, 3, 4, 5, 6]}