{"mean_runtimes": [1.310502519607544, 0.9997310352325439, 0.7746445369720459, 0.733581829071045, 0.7408624124526978, 0.6843161916732788], "std_errors": [0.010979549204837786, 0.008784437349527179, 0.016977450479546914, 0.021222961757188512, 0.014755912943997397, 0.01410860782986611], "feasibility_frequencies": [0.9679999999999999, 0.9459999999999995, 0.7280000000000001, 0.6880000000000002, 0.6860000000000003, 0.6819999999999997], "num_values": [1, 2, 3, 4, 5, 6]}